ball_faced,bowled_by,catched_by,dot_balls,economy,four,ground_city,ground_name,match_no,name,opposite_team_name,over,run_gave,run_scored,runout_by,six,strike_rate,stumped_by,team_name,wicket,wicket_taken
43,Nitish Rana,,,,5,Jaipur,Sawai Mansingh Stadium,15,D'Arcy Short,Kolkata Knight Riders,,,44,,1,102.32,,Rajasthan Royals,bold,
8,Shivam Mavi,Kuldeep Yadav,,,1,Jaipur,Sawai Mansingh Stadium,15,Sanju Samson,Kolkata Knight Riders,,,7,,0,87.50,,Rajasthan Royals,catch,
,,,5,9.65,,Jaipur,Sawai Mansingh Stadium,15,Ben Laughlin,Kolkata Knight Riders,3.5,37,,,,,,Rajasthan Royals,,0
23,,,,,2,Jaipur,Sawai Mansingh Stadium,15,Dinesh Karthik,Rajasthan Royals,,,42,,2,182.60,,Kolkata Knight Riders,,
,,,9,5.75,,Jaipur,Sawai Mansingh Stadium,15,Kuldeep Yadav,Rajasthan Royals,4,23,,,,,,Kolkata Knight Riders,,1
0,,,4,11.33,0,Jaipur,Sawai Mansingh Stadium,15,Jaydev Unadkat,Kolkata Knight Riders,3,34,0,,0,0.00,,Rajasthan Royals,,0
1,Tom Curran,,7,7.66,0,Jaipur,Sawai Mansingh Stadium,15,Shreyas Gopal,Kolkata Knight Riders,3,23,0,,0,0.00,,Rajasthan Royals,bold,0
19,Nitish Rana,,,,5,Jaipur,Sawai Mansingh Stadium,15,Ajinkya Rahane,Kolkata Knight Riders,,,36,,1,189.47,Dinesh Karthik,Rajasthan Royals,stemping,
,,,9,10.00,,Jaipur,Sawai Mansingh Stadium,15,Shivam Mavi,Rajasthan Royals,4,40,,,,,,Kolkata Knight Riders,,1
3,,,5,10.00,0,Jaipur,Sawai Mansingh Stadium,15,Dhawal Kulkarni,Kolkata Knight Riders,2,20,3,Shubman Gill/Shivam Mavi,0,100.00,,Rajasthan Royals,runout,0
11,Kuldeep Yadav,Andre Russell,,,2,Jaipur,Sawai Mansingh Stadium,15,Rahul Tripathi,Kolkata Knight Riders,,,15,,0,136.36,,Rajasthan Royals,catch,
36,Krishnappa Gowtham,Ben Stokes,,,6,Jaipur,Sawai Mansingh Stadium,15,Robin Uthappa,Rajasthan Royals,,,48,,2,133.33,,Kolkata Knight Riders,catch,
18,,,,,2,Jaipur,Sawai Mansingh Stadium,15,Jos Buttler,Kolkata Knight Riders,,,24,,0,133.33,,Rajasthan Royals,,
,,,10,4.50,,Jaipur,Sawai Mansingh Stadium,15,Piyush Chawla,Rajasthan Royals,4,18,,,,,,Kolkata Knight Riders,,1
11,Piyush Chawla,Nitish Rana,4,8.33,0,Jaipur,Sawai Mansingh Stadium,15,Ben Stokes,Kolkata Knight Riders,3,25,14,,1,127.27,,Rajasthan Royals,catch,0
7,Tom Curran,Shivam Mavi,12,5.75,0,Jaipur,Sawai Mansingh Stadium,15,Krishnappa Gowtham,Kolkata Knight Riders,4,23,12,,1,171.42,,Rajasthan Royals,catch,2
2,Krishnappa Gowtham,,,,0,Jaipur,Sawai Mansingh Stadium,15,Chris Lynn,Rajasthan Royals,,,0,,0,0.00,,Kolkata Knight Riders,bold,
27,,,4,5.50,2,Jaipur,Sawai Mansingh Stadium,15,Nitish Rana,Rajasthan Royals,2,11,35,,1,129.62,,Kolkata Knight Riders,,2
,,,3,9.50,,Jaipur,Sawai Mansingh Stadium,15,Tom Curran,Rajasthan Royals,2,19,,,,,,Kolkata Knight Riders,,2
25,,,6,12.00,5,Jaipur,Sawai Mansingh Stadium,15,Sunil Narine,Rajasthan Royals,4,48,35,Jaydev Unadkat,1,140.00,,Kolkata Knight Riders,runout,0
,,,9,6.25,,Mumbai,Wankhede Stadium,14,Mayank Markande,Royal Challengers Bangalore,4,25,,,,,,Mumbai Indians,,1
14,Krunal Pandya,,,,1,Mumbai,Wankhede Stadium,14,Mandeep Singh,Mumbai Indians,,,16,,0,114.28,Ishan Kishan,Royal Challengers Bangalore,stemping,
2,Mitchell McClenaghan,Hardik Pandya,,,0,Mumbai,Wankhede Stadium,14,AB de Villiers,Mumbai Indians,,,1,,0,50.00,,Royal Challengers Bangalore,catch,
42,Corey Anderson,Quinton de Kock,,,6,Mumbai,Wankhede Stadium,14,Evin Lewis,Royal Challengers Bangalore,,,65,,5,154.76,,Mumbai Indians,catch,
3,,,11,8.50,0,Mumbai,Wankhede Stadium,14,Mohammed Siraj,Mumbai Indians,4,34,8,,1,266.66,,Royal Challengers Bangalore,,0
1,Umesh Yadav,,,,0,Mumbai,Wankhede Stadium,14,Suryakumar Yadav,Royal Challengers Bangalore,,,0,,0,0.00,,Mumbai Indians,bold,
0,,,4,8.00,0,Mumbai,Wankhede Stadium,14,Mitchell McClenaghan,Royal Challengers Bangalore,3,24,0,,0,0.00,,Mumbai Indians,,2
,,,3,13.75,,Mumbai,Wankhede Stadium,14,Mustafizur Rahman,Royal Challengers Bangalore,4,55,,,,,,Mumbai Indians,,0
11,Jasprit Bumrah,Krunal Pandya,9,10.33,0,Mumbai,Wankhede Stadium,14,Chris Woakes,Mumbai Indians,3,31,11,,1,100.00,,Royal Challengers Bangalore,catch,1
7,Chris Woakes,AB de Villiers,,,0,Mumbai,Wankhede Stadium,14,Kieron Pollard,Royal Challengers Bangalore,,,5,,0,71.42,,Mumbai Indians,catch,
12,,,9,7.00,1,Mumbai,Wankhede Stadium,14,Krunal Pandya,Royal Challengers Bangalore,4,28,15,Chris Woakes/Corey Anderson,1,125.00,,Mumbai Indians,runout,3
,,,12,7.00,,Mumbai,Wankhede Stadium,14,Jasprit Bumrah,Royal Challengers Bangalore,4,28,,,,,,Mumbai Indians,,2
1,Umesh Yadav,,,,0,Mumbai,Wankhede Stadium,14,Ishan Kishan,Royal Challengers Bangalore,,,0,,0,0.00,,Mumbai Indians,bold,
1,Krunal Pandya,sub (JP Duminy),10,11.75,0,Mumbai,Wankhede Stadium,14,Corey Anderson,Mumbai Indians,4,47,0,,0,0.00,,Royal Challengers Bangalore,catch,2
,,,7,10.66,,Mumbai,Wankhede Stadium,14,Yuzvendra Chahal,Mumbai Indians,3,32,,,,,,Royal Challengers Bangalore,,0
2,Jasprit Bumrah,Rohit Sharma,10,9.00,0,Mumbai,Wankhede Stadium,14,Umesh Yadav,Mumbai Indians,4,36,1,,0,50.00,,Royal Challengers Bangalore,catch,2
12,Mitchell McClenaghan,,,,2,Mumbai,Wankhede Stadium,14,Quinton de Kock,Mumbai Indians,,,19,,1,158.33,,Royal Challengers Bangalore,bold,
52,Corey Anderson,Chris Woakes,,,10,Mumbai,Wankhede Stadium,14,Rohit Sharma,Royal Challengers Bangalore,,,94,,5,180.76,,Mumbai Indians,catch,
8,Krunal Pandya,Suryakumar Yadav,2,16.00,1,Mumbai,Wankhede Stadium,14,Washington Sundar,Mumbai Indians,2,32,7,,0,87.50,,Royal Challengers Bangalore,catch,0
6,Mayanke Markande,,,,1,Mumbai,Wankhede Stadium,14,Sarfaraz Khan,Mumbai Indians,,,5,,0,83.33,sub (Aditya Tare),Royal Challengers Bangalore,stemping,
62,,,,,7,Mumbai,Wankhede Stadium,14,Virat Kohli,Mumbai Indians,,,92,,4,148.38,,Royal Challengers Bangalore,,
5,,,2,4.00,1,Mumbai,Wankhede Stadium,14,Hardik Pandya,Royal Challengers Bangalore,1,4,17,,2,340.00,,Mumbai Indians,,0
5,Rahul Tewatia,Chris Morris,,,1,Kolkata,Eden Gardens,13,Shubman Gill,Delhi Daredevils,,,6,,0,120.00,,Kolkata Knight Riders,catch,
12,Trent Boult,,5,12.50,0,Kolkata,Eden Gardens,13,Andre Russell,Delhi Daredevils,2,25,41,,6,341.66,,Kolkata Knight Riders,bold,1
26,Kuldeep Yadav,Piyush Chawla,,,7,Kolkata,Eden Gardens,13,Rishabh Pant,Kolkata Knight Riders,,,43,,1,165.38,,Delhi Daredevils,catch,
3,Andre Russell,Nitish Rana,,,1,Kolkata,Eden Gardens,13,Shreyas Iyer,Kolkata Knight Riders,,,4,,0,133.33,,Delhi Daredevils,catch,
6,Sunil Narine,Andre Russell,5,13.25,1,Kolkata,Eden Gardens,13,Mohammed Shami,Kolkata Knight Riders,4,53,7,,0,116.66,,Delhi Daredevils,catch,1
3,Sunil Narine,,11,10.25,0,Kolkata,Eden Gardens,13,Chris Morris,Kolkata Knight Riders,4,41,2,,0,66.66,,Delhi Daredevils,bold,2
19,Shahbaz Nadeem,&,,,2,Kolkata,Eden Gardens,13,Robin Uthappa,Delhi Daredevils,,,35,,3,184.21,,Kolkata Knight Riders,catch,
,,,6,9.60,,Kolkata,Eden Gardens,13,Kuldeep Yadav,Delhi Daredevils,3.2,32,,,,,,Kolkata Knight Riders,,3
2,Kuldeep Yadav,&,13,7.25,0,Kolkata,Eden Gardens,13,Trent Boult,Kolkata Knight Riders,4,29,0,,0,0.00,,Delhi Daredevils,catch,2
35,Chris Morris,Gautam Gambhir,,,5,Kolkata,Eden Gardens,13,Nitish Rana,Delhi Daredevils,,,59,,4,168.57,,Kolkata Knight Riders,catch,
22,Kuldeep Yadav,Robin Uthappa,,,3,Kolkata,Eden Gardens,13,Glenn Maxwell,Kolkata Knight Riders,,,47,,4,213.63,,Delhi Daredevils,catch,
3,Piyush Chawla,,,,0,Kolkata,Eden Gardens,13,Jason Roy,Kolkata Knight Riders,,,1,,0,33.33,Dinesh Karthik,Delhi Daredevils,stemping,
7,Shivam Mavi,,,,1,Kolkata,Eden Gardens,13,Gautam Gambhir,Kolkata Knight Riders,,,8,,0,114.28,,Delhi Daredevils,bold,
10,Chris Morris,Trent Boult,,,2,Kolkata,Eden Gardens,13,Dinesh Karthik,Delhi Daredevils,,,19,,1,190.00,,Kolkata Knight Riders,catch,
4,Sunil Narine,,2,12.00,0,Kolkata,Eden Gardens,13,Vijay Shankar,Kolkata Knight Riders,1,12,2,,0,50.00,,Delhi Daredevils,lbw,0
2,Tom Curran,Andre Russell,10,6.00,0,Kolkata,Eden Gardens,13,Rahul Tewatia,Kolkata Knight Riders,3,18,1,,0,50.00,,Delhi Daredevils,catch,3
3,Rahul Tewatia,Rishabh Pant,5,8.00,0,Kolkata,Eden Gardens,13,Piyush Chawla,Delhi Daredevils,2,16,0,,0,0.00,,Kolkata Knight Riders,catch,1
0,,,6,7.00,0,Kolkata,Eden Gardens,13,Shivam Mavi,Delhi Daredevils,2,14,0,,0,0.00,,Kolkata Knight Riders,,1
29,Mohammed Shami,Jason Roy,,,4,Kolkata,Eden Gardens,13,Chris Lynn,Delhi Daredevils,,,31,,1,106.89,,Kolkata Knight Riders,catch,
8,,,7,10.75,0,Kolkata,Eden Gardens,13,Shahbaz Nadeem,Kolkata Knight Riders,4,43,6,,0,75.00,,Delhi Daredevils,,1
3,Rahul Tewatia,Glenn Maxwell,4,10.50,0,Kolkata,Eden Gardens,13,Tom Curran,Delhi Daredevils,2,21,2,,0,66.66,,Kolkata Knight Riders,catch,1
4,Trent Boult,Glenn Maxwell,6,6.00,0,Kolkata,Eden Gardens,13,Sunil Narine,Delhi Daredevils,3,18,1,,0,25.00,,Kolkata Knight Riders,catch,3
0,,,10,9.25,0,Mohali,IS Bindra Stadium,12,Barinder Sran,Chennai Super Kings,4,37,0,,0,0.00,,Kings XI Punjab,,0
1,,,4,9.25,0,Mohali,IS Bindra Stadium,12,Dwayne Bravo,Kings XI Punjab,4,37,1,,0,100.00,,Chennai Super Kings,,1
17,Dwayne Bravo,Ravindra Jadeja,,,2,Mohali,IS Bindra Stadium,12,Karun Nair,Chennai Super Kings,,,29,,1,170.58,,Kings XI Punjab,catch,
,,,5,6.00,,Mohali,IS Bindra Stadium,12,Mujeeb Ur Rahman,Chennai Super Kings,3,18,,,,,,Kings XI Punjab,,0
22,Harbhajan Singh,Dwayne Bravo,,,7,Mohali,IS Bindra Stadium,12,Lokesh Rahul,Chennai Super Kings,,,37,,0,168.18,,Kings XI Punjab,catch,
44,,,,,6,Mohali,IS Bindra Stadium,12,MS Dhoni,Kings XI Punjab,,,79,,5,179.54,,Chennai Super Kings,,
13,Shardul Thakur,MS Dhoni,0,10.00,2,Mohali,IS Bindra Stadium,12,Yuvraj Singh,Chennai Super Kings,1,10,20,,1,153.84,,Kings XI Punjab,catch,0
,,,8,10.25,,Mohali,IS Bindra Stadium,12,Harbhajan Singh,Kings XI Punjab,4,41,,,,,,Chennai Super Kings,,1
33,Shane Watson,Imran Tahir,,,7,Mohali,IS Bindra Stadium,12,Chris Gayle,Chennai Super Kings,,,63,,4,190.90,,Kings XI Punjab,catch,
13,Andrew Tye,Ravichandran Ashwin,,,1,Mohali,IS Bindra Stadium,12,Ravindra Jadeja,Kings XI Punjab,,,19,,1,146.15,,Chennai Super Kings,catch,
,,,11,8.50,,Mohali,IS Bindra Stadium,12,Imran Tahir,Kings XI Punjab,4,34,,,,,,Chennai Super Kings,,2
4,,,5,11.75,0,Mohali,IS Bindra Stadium,12,Andrew Tye,Chennai Super Kings,4,47,3,,0,75.00,,Kings XI Punjab,,2
,,,4,11.00,,Mohali,IS Bindra Stadium,12,Shardul Thakur,Kings XI Punjab,3,33,,,,,,Chennai Super Kings,,2
8,Ravichandran Ashwin,,,,1,Mohali,IS Bindra Stadium,12,Sam Billings,Kings XI Punjab,,,9,,0,112.50,,Chennai Super Kings,lbw,
9,Mohit Sharma,Barinder Sran,3,7.50,2,Mohali,IS Bindra Stadium,12,Shane Watson,Kings XI Punjab,2,15,11,,0,122.22,,Chennai Super Kings,catch,1
,,,8,11.75,,Mohali,IS Bindra Stadium,12,Mohit Sharma,Chennai Super Kings,4,47,,,,,,Kings XI Punjab,,1
11,Shardul Thakur,MS Dhoni,6,8.00,0,Mohali,IS Bindra Stadium,12,Ravichandran Ashwin,Chennai Super Kings,4,32,14,,1,127.27,,Kings XI Punjab,catch,1
1,Imran Tahir,,,,0,Mohali,IS Bindra Stadium,12,Aaron Finch,Chennai Super Kings,,,0,,0,0.00,,Kings XI Punjab,lbw,
35,,,,,5,Mohali,IS Bindra Stadium,12,Ambati Rayudu,Kings XI Punjab,,,49,Ravichandran Ashwin,1,140.00,,Chennai Super Kings,runout,
,,,8,12.33,,Mohali,IS Bindra Stadium,12,Deepak Chahar,Kings XI Punjab,3,37,,,,,,Chennai Super Kings,,0
10,Andrew Tye,Barinder Sran,,,0,Mohali,IS Bindra Stadium,12,Murali Vijay,Kings XI Punjab,,,12,,1,120.00,,Chennai Super Kings,catch,
19,Imran Tahir,Ravindra Jadeja,,,1,Mohali,IS Bindra Stadium,12,Mayank Agarwal,Chennai Super Kings,,,30,,2,157.89,,Kings XI Punjab,catch,
45,,,,,2,Bengaluru,M. Chinnaswamy Stadium,11,Sanju Samson,Royal Challengers Bangalore,,,92,,10,204.44,,Rajasthan Royals,,
4,Krishnappa Gowtham,Ben Stokes,,,1,Bengaluru,M. Chinnaswamy Stadium,11,Brendon McCullum,Rajasthan Royals,,,4,,0,100.00,,Royal Challengers Bangalore,catch,
,,,4,13.33,,Bengaluru,M. Chinnaswamy Stadium,11,Kulwant Khejroliya,Rajasthan Royals,3,40,,,,,,Royal Challengers Bangalore,,0
25,,,,,6,Bengaluru,M. Chinnaswamy Stadium,11,Mandeep Singh,Rajasthan Royals,,,47,,1,188.00,,Royal Challengers Bangalore,,
18,Shreyas Gopal,Jaydev Unadkat,,,1,Bengaluru,M. Chinnaswamy Stadium,11,AB de Villiers,Rajasthan Royals,,,20,,1,111.11,,Royal Challengers Bangalore,catch,
,,,2,11.66,,Bengaluru,M. Chinnaswamy Stadium,11,Jaydev Unadkat,Royal Challengers Bangalore,3,35,,,,,,Rajasthan Royals,,0
,,,11,5.50,,Bengaluru,M. Chinnaswamy Stadium,11,Shreyas Gopal,Royal Challengers Bangalore,4,22,,,,,,Rajasthan Royals,,2
30,Shreyas Gopal,D'Arcy Short,,,7,Bengaluru,M. Chinnaswamy Stadium,11,Virat Kohli,Rajasthan Royals,,,57,,2,190.00,,Royal Challengers Bangalore,catch,
5,,,,,1,Bengaluru,M. Chinnaswamy Stadium,11,Rahul Tripathi,Royal Challengers Bangalore,,,14,,1,280.00,,Rajasthan Royals,,
1,,,7,11.75,0,Bengaluru,M. Chinnaswamy Stadium,11,Chris Woakes,Rajasthan Royals,4,47,0,,0,0.00,,Royal Challengers Bangalore,,2
,,,8,9.00,,Bengaluru,M. Chinnaswamy Stadium,11,Krishnappa Gowtham,Royal Challengers Bangalore,4,36,,,,,,Rajasthan Royals,,1
4,Ben Laughlin,Jos Buttler,2,13.00,0,Bengaluru,M. Chinnaswamy Stadium,11,Pawan Negi,Rajasthan Royals,1,13,3,,0,75.00,,Royal Challengers Bangalore,catch,0
,,,5,14.75,,Bengaluru,M. Chinnaswamy Stadium,11,Umesh Yadav,Rajasthan Royals,4,59,,,,,,Royal Challengers Bangalore,,0
17,Yuzvendra Chahal,Quinton de Kock,1,10.00,1,Bengaluru,M. Chinnaswamy Stadium,11,D'Arcy Short,Royal Challengers Bangalore,1,10,11,,0,64.70,,Rajasthan Royals,catch,1
,,,5,11.50,,Bengaluru,M. Chinnaswamy Stadium,11,Ben Laughlin,Royal Challengers Bangalore,4,46,,,,,,Rajasthan Royals,,1
,,,12,5.50,,Bengaluru,M. Chinnaswamy Stadium,11,Yuzvendra Chahal,Rajasthan Royals,4,22,,,,,,Royal Challengers Bangalore,,2
19,D'Arcy Short,Jaydev Unadkat,,,4,Bengaluru,M. Chinnaswamy Stadium,11,Quinton de Kock,Rajasthan Royals,,,26,,0,136.84,,Royal Challengers Bangalore,catch,
20,Chris Woakes,Umesh Yadav,,,6,Bengaluru,M. Chinnaswamy Stadium,11,Ajinkya Rahane,Royal Challengers Bangalore,,,36,,1,180.00,,Rajasthan Royals,catch,
,,,1,14.00,,Bengaluru,M. Chinnaswamy Stadium,11,Dhawal Kulkarni,Royal Challengers Bangalore,1,14,,,,,,Rajasthan Royals,,0
19,Ben Stokes,,7,7.50,1,Bengaluru,M. Chinnaswamy Stadium,11,Washington Sundar,Rajasthan Royals,4,30,35,,3,184.21,,Royal Challengers Bangalore,bold,0
14,Chris Woakes,Virat Kohli,,,2,Bengaluru,M. Chinnaswamy Stadium,11,Jos Buttler,Royal Challengers Bangalore,,,23,,1,164.28,,Rajasthan Royals,catch,
21,Yuzvendra Chahal,,7,10.66,2,Bengaluru,M. Chinnaswamy Stadium,11,Ben Stokes,Royal Challengers Bangalore,3,32,27,,1,128.57,,Rajasthan Royals,bold,1
,,,10,9.25,,Kolkata,Eden Gardens,10,Siddarth Kaul,Kolkata Knight Riders,4,37,,,,,,Sunrisers Hyderabad,,1
44,Mitchell Johnson,Andre Russell,,,4,Kolkata,Eden Gardens,10,Kane Williamson,Kolkata Knight Riders,,,50,,1,113.63,,Sunrisers Hyderabad,catch,
5,Billy Stanlake,Manish Pandey,4,13.00,0,Kolkata,Eden Gardens,10,Andre Russell,Sunrisers Hyderabad,3,39,9,,1,180.00,,Kolkata Knight Riders,catch,0
,,,5,7.75,,Kolkata,Eden Gardens,10,Rashid Khan,Kolkata Knight Riders,4,31,,,,,,Sunrisers Hyderabad,,0
,,,15,5.25,,Kolkata,Eden Gardens,10,Billy Stanlake,Kolkata Knight Riders,4,21,,,,,,Sunrisers Hyderabad,,2
5,,,9,10.00,0,Kolkata,Eden Gardens,10,Mitchell Johnson,Sunrisers Hyderabad,3,30,4,,0,80.00,,Kolkata Knight Riders,,1
9,Bhuvneshwar Kumar,Shakib Al Hasan,,,0,Kolkata,Eden Gardens,10,Shubman Gill,Sunrisers Hyderabad,,,3,,0,33.33,,Kolkata Knight Riders,catch,
,,,13,6.50,,Kolkata,Eden Gardens,10,Bhuvneshwar Kumar,Kolkata Knight Riders,4,26,,,,,,Sunrisers Hyderabad,,3
8,Bhuvneshwar Kumar,Wriddhiman Saha,,,0,Kolkata,Eden Gardens,10,Robin Uthappa,Sunrisers Hyderabad,,,3,,0,37.50,,Kolkata Knight Riders,catch,
15,Sunil Narine,Dinesh Karthik,,,5,Kolkata,Eden Gardens,10,Wriddhiman Saha,Kolkata Knight Riders,,,24,,0,160.00,,Sunrisers Hyderabad,catch,
,,,8,5.75,,Kolkata,Eden Gardens,10,Kuldeep Yadav,Sunrisers Hyderabad,4,23,,,,,,Kolkata Knight Riders,,1
16,Billy Stanlake,Manish Pandey,,,2,Kolkata,Eden Gardens,10,Nitish Rana,Sunrisers Hyderabad,,,18,,1,112.50,,Kolkata Knight Riders,catch,
7,Sunil Narine,,,,1,Kolkata,Eden Gardens,10,Shikhar Dhawan,Kolkata Knight Riders,,,7,,0,100.00,,Sunrisers Hyderabad,bold,
7,,,,,2,Kolkata,Eden Gardens,10,Yusuf Pathan,Kolkata Knight Riders,,,17,,1,242.85,,Sunrisers Hyderabad,,
9,,,,,0,Kolkata,Eden Gardens,10,Deepak Hooda,Kolkata Knight Riders,,,5,,0,55.55,,Sunrisers Hyderabad,,
27,Bhuvneshwar Kumar,Wriddhiman Saha,,,2,Kolkata,Eden Gardens,10,Dinesh Karthik,Sunrisers Hyderabad,,,29,,1,107.40,,Kolkata Knight Riders,catch,
21,Piyush Chawla,,11,5.25,2,Kolkata,Eden Gardens,10,Shakib Al Hasan,Kolkata Knight Riders,4,21,27,,1,128.57,,Sunrisers Hyderabad,bold,2
11,Kuldeep Yadav,,,,0,Kolkata,Eden Gardens,10,Manish Pandey,Kolkata Knight Riders,,,4,,0,36.36,,Sunrisers Hyderabad,lbw,
8,Siddarth Kaul,Bhuvneshwar Kumar,1,10.00,0,Kolkata,Eden Gardens,10,Shivam Mavi,Sunrisers Hyderabad,1,10,7,,0,87.50,,Kolkata Knight Riders,catch,0
34,Shakib Al Hasan,&,,,7,Kolkata,Eden Gardens,10,Chris Lynn,Sunrisers Hyderabad,,,49,,1,144.11,,Kolkata Knight Riders,catch,
,,,10,5.00,,Kolkata,Eden Gardens,10,Piyush Chawla,Sunrisers Hyderabad,4,20,,,,,,Kolkata Knight Riders,,1
10,Shakib Al Hasan,Kane Williamson,11,4.25,1,Kolkata,Eden Gardens,10,Sunil Narine,Sunrisers Hyderabad,4,17,9,,0,90.00,,Kolkata Knight Riders,catch,2
,,,5,11.66,,Mumbai,Wankhede Stadium,9,Dan Christian,Mumbai Indians,3,35,,,,,,Delhi Daredevils,,2
3,Trent Boult,Shreyas Iyer,2,16.00,0,Mumbai,Wankhede Stadium,9,Hardik Pandya,Delhi Daredevils,2,32,2,,0,66.66,,Mumbai Indians,catch,0
15,Trent Boult,Jason Roy,,,2,Mumbai,Wankhede Stadium,9,Rohit Sharma,Delhi Daredevils,,,18,,0,120.00,,Mumbai Indians,catch,
23,Dan Christian,,,,5,Mumbai,Wankhede Stadium,9,Ishan Kishan,Delhi Daredevils,,,44,,2,191.30,,Mumbai Indians,bold,
3,,,2,14.00,0,Mumbai,Wankhede Stadium,9,Mayank Markande,Delhi Daredevils,3,42,4,,0,133.33,,Mumbai Indians,,0
25,Krunal Pandya,Kieron Pollard,,,6,Mumbai,Wankhede Stadium,9,Rishabh Pant,Mumbai Indians,,,47,,2,188.00,,Delhi Daredevils,catch,
16,Mustafizur Rahman,Rohit Sharma,,,2,Mumbai,Wankhede Stadium,9,Gautam Gambhir,Mumbai Indians,,,15,,0,93.75,,Delhi Daredevils,catch,
5,,,6,11.75,0,Mumbai,Wankhede Stadium,9,Akila Dananjaya,Delhi Daredevils,4,47,4,,0,80.00,,Mumbai Indians,,0
32,Rahul Tewatia,,,,7,Mumbai,Wankhede Stadium,9,Suryakumar Yadav,Delhi Daredevils,,,53,,1,165.62,,Mumbai Indians,lbw,
20,,,,,3,Mumbai,Wankhede Stadium,9,Shreyas Iyer,Mumbai Indians,,,27,,1,135.00,,Delhi Daredevils,,
,,,10,9.00,,Mumbai,Wankhede Stadium,9,Mohammed Shami,Mumbai Indians,4,36,,,,,,Delhi Daredevils,,1
53,,,,,6,Mumbai,Wankhede Stadium,9,Jason Roy,Mumbai Indians,,,91,,6,171.69,,Delhi Daredevils,,
,,,8,9.00,,Mumbai,Wankhede Stadium,9,Rahul Tewatia,Mumbai Indians,4,36,,,,,,Delhi Daredevils,,2
28,Rahul Tewatia,Jason Roy,,,4,Mumbai,Wankhede Stadium,9,Evin Lewis,Delhi Daredevils,,,48,,4,171.42,,Mumbai Indians,catch,
,,,11,6.25,,Mumbai,Wankhede Stadium,9,Mustafizur Rahman,Delhi Daredevils,4,25,,,,,,Mumbai Indians,,1
1,Dan Christian,,,,0,Mumbai,Wankhede Stadium,9,Kieron Pollard,Delhi Daredevils,,,0,,0,0.00,,Mumbai Indians,bold,
6,Krunal Pandya,Hardik Pandya,5,7.00,1,Mumbai,Wankhede Stadium,9,Glenn Maxwell,Mumbai Indians,3,21,13,,1,216.66,,Delhi Daredevils,catch,0
10,Mohammed Shami,Rahul Tewatia,8,7.00,1,Mumbai,Wankhede Stadium,9,Krunal Pandya,Delhi Daredevils,3,21,11,,0,110.00,,Mumbai Indians,catch,2
,,,4,11.00,,Mumbai,Wankhede Stadium,9,Shahbaz Nadeem,Mumbai Indians,2,22,,,,,,Delhi Daredevils,,0
,,,7,9.75,,Mumbai,Wankhede Stadium,9,Trent Boult,Mumbai Indians,4,39,,,,,,Delhi Daredevils,,2
,,,9,6.75,,Mumbai,Wankhede Stadium,9,Jasprit Bumrah,Delhi Daredevils,4,27,,,,,,Mumbai Indians,,0
30,Washington Sundar,Sarfaraz Khan,,,2,Bengaluru,M. Chinnaswamy Stadium,8,Lokesh Rahul,Royal Challengers Bangalore,,,47,,4,156.66,,Kings XI Punjab,catch,
4,,,8,5.50,2,Bengaluru,M. Chinnaswamy Stadium,8,Washington Sundar,Kings XI Punjab,4,22,9,,0,225.00,,Royal Challengers Bangalore,,2
1,Ravichandran Ashwin,Karun Nair,,,0,Bengaluru,M. Chinnaswamy Stadium,8,Sarfaraz Khan,Kings XI Punjab,,,0,,0,0.00,,Royal Challengers Bangalore,catch,
26,Kulwant Khejroliya,,,,3,Bengaluru,M. Chinnaswamy Stadium,8,Karun Nair,Royal Challengers Bangalore,,,29,,0,111.53,,Kings XI Punjab,bold,
1,Axar Patel,Mujeeb Ur Rahman,,,0,Bengaluru,M. Chinnaswamy Stadium,8,Brendon McCullum,Kings XI Punjab,,,0,,0,0.00,,Royal Challengers Bangalore,catch,
21,Yuzvendra Chahal,,11,7.50,3,Bengaluru,M. Chinnaswamy Stadium,8,Ravichandran Ashwin,Royal Challengers Bangalore,4,30,33,,1,157.14,Quinton de Kock,Kings XI Punjab,stemping,2
19,,,,,1,Bengaluru,M. Chinnaswamy Stadium,8,Mandeep Singh,Kings XI Punjab,,,22,Mayank Dagar,0,115.78,,Royal Challengers Bangalore,runout,
40,Andrew Tye,Karun Nair,,,2,Bengaluru,M. Chinnaswamy Stadium,8,AB de Villiers,Kings XI Punjab,,,57,,4,142.50,,Royal Challengers Bangalore,catch,
3,Kulwant Khejroliya,,10,6.25,0,Bengaluru,M. Chinnaswamy Stadium,8,Axar Patel,Royal Challengers Bangalore,4,25,2,,0,66.66,,Kings XI Punjab,lbw,1
9,Washington Sundar,,,,0,Bengaluru,M. Chinnaswamy Stadium,8,Marcus Stoinis,Royal Challengers Bangalore,,,11,,1,122.22,Quinton de Kock,Kings XI Punjab,stemping,
2,,,7,10.80,0,Bengaluru,M. Chinnaswamy Stadium,8,Chris Woakes,Kings XI Punjab,3.2,36,1,,0,50.00,,Royal Challengers Bangalore,,2
,,,13,5.75,,Bengaluru,M. Chinnaswamy Stadium,8,Umesh Yadav,Kings XI Punjab,4,23,,,,,,Royal Challengers Bangalore,,3
7,Chris Woakes,Virat Kohli,7,6.75,0,Bengaluru,M. Chinnaswamy Stadium,8,Andrew Tye,Royal Challengers Bangalore,4,27,7,,0,100.00,,Kings XI Punjab,catch,1
,,,6,9.50,,Bengaluru,M. Chinnaswamy Stadium,8,Yuzvendra Chahal,Kings XI Punjab,4,38,,,,,,Royal Challengers Bangalore,,1
34,Ravichandran Ashwin,,,,7,Bengaluru,M. Chinnaswamy Stadium,8,Quinton de Kock,Kings XI Punjab,,,45,,1,132.35,,Royal Challengers Bangalore,bold,
4,Umesh Yadav,,,,1,Bengaluru,M. Chinnaswamy Stadium,8,Yuvraj Singh,Royal Challengers Bangalore,,,4,,0,100.00,,Kings XI Punjab,bold,
,,,8,8.25,,Bengaluru,M. Chinnaswamy Stadium,8,Kulwant Khejroliya,Kings XI Punjab,4,33,,,,,,Royal Challengers Bangalore,,2
2,,,3,12.85,0,Bengaluru,M. Chinnaswamy Stadium,8,Mohit Sharma,Royal Challengers Bangalore,3.3,45,1,,0,50.00,,Kings XI Punjab,,0
2,Chris Woakes,Sarfaraz Khan,11,7.25,0,Bengaluru,M. Chinnaswamy Stadium,8,Mujeeb Ur Rahman,Royal Challengers Bangalore,4,29,0,,0,0.00,,Kings XI Punjab,catch,1
16,MujeeUr Rahman,,,,4,Bengaluru,M. Chinnaswamy Stadium,8,Virat Kohli,Kings XI Punjab,,,21,,0,131.25,,Royal Challengers Bangalore,bold,
1,Umesh Yadav,,,,0,Bengaluru,M. Chinnaswamy Stadium,8,Aaron Finch,Royal Challengers Bangalore,,,0,,0,0.00,,Kings XI Punjab,lbw,
11,Umesh Yadav,Quinton de Kock,,,3,Bengaluru,M. Chinnaswamy Stadium,8,Mayank Agarwal,Royal Challengers Bangalore,,,15,,0,136.36,,Kings XI Punjab,catch,
2,Mustafizur Rahman,Krunal Pandya,13,6.25,0,Hyderabad,Rajiv Gandhi Intl. Cricket Stadium,7,Sandeep Sharma,Mumbai Indians,4,25,0,,0,0.00,,Sunrisers Hyderabad,catch,2
4,Mustafizur Rahman,&,9,7.25,0,Hyderabad,Rajiv Gandhi Intl. Cricket Stadium,7,Siddarth Kaul,Mumbai Indians,4,29,0,,0,0.00,,Sunrisers Hyderabad,catch,2
4,Mustafizur Rahman,Ishan Kishan,,,1,Hyderabad,Rajiv Gandhi Intl. Cricket Stadium,7,Kane Williamson,Mumbai Indians,,,6,,0,150.00,,Sunrisers Hyderabad,catch,
3,,,11,5.75,1,Hyderabad,Rajiv Gandhi Intl. Cricket Stadium,7,Mayank Markande,Sunrisers Hyderabad,4,23,6,,0,200.00,,Mumbai Indians,,4
1,Jasprit Bumrah,Ishan Kishan,18,3.25,0,Hyderabad,Rajiv Gandhi Intl. Cricket Stadium,7,Rashid Khan,Mumbai Indians,4,13,0,,0,0.00,,Sunrisers Hyderabad,catch,1
17,Siddarth Kaul,,,,3,Hyderabad,Rajiv Gandhi Intl. Cricket Stadium,7,Evin Lewis,Sunrisers Hyderabad,,,29,,2,170.58,,Mumbai Indians,bold,
12,Mayank Markande,,9,8.50,1,Hyderabad,Rajiv Gandhi Intl. Cricket Stadium,7,Shakib Al Hasan,Mumbai Indians,4,34,12,,0,100.00,,Sunrisers Hyderabad,bold,1
9,Siddarth Kaul,Yusuf Pathan,,,2,Hyderabad,Rajiv Gandhi Intl. Cricket Stadium,7,Ishan Kishan,Sunrisers Hyderabad,,,9,,0,100.00,,Mumbai Indians,catch,
8,Mayank Markande,Rohit Sharma,,,1,Hyderabad,Rajiv Gandhi Intl. Cricket Stadium,7,Manish Pandey,Mumbai Indians,,,11,,0,137.50,,Sunrisers Hyderabad,catch,
,,,10,6.00,,Hyderabad,Rajiv Gandhi Intl. Cricket Stadium,7,Mustafizur Rahman,Sunrisers Hyderabad,4,24,,,,,,Mumbai Indians,,3
20,Mayank Markande,,,,3,Hyderabad,Rajiv Gandhi Intl. Cricket Stadium,7,Wriddhiman Saha,Mumbai Indians,,,22,,0,110.00,,Sunrisers Hyderabad,lbw,
23,Billy Stanlake,Shikhar Dhawan,,,3,Hyderabad,Rajiv Gandhi Intl. Cricket Stadium,7,Kieron Pollard,Sunrisers Hyderabad,,,28,,2,121.73,,Mumbai Indians,catch,
9,Rashid Khan,,4,10.00,1,Hyderabad,Rajiv Gandhi Intl. Cricket Stadium,7,Ben Cutting,Sunrisers Hyderabad,4,40,9,,0,100.00,,Mumbai Indians,bold,0
10,Shakib Al Hasan,Kane Williamson,3,5.00,2,Hyderabad,Rajiv Gandhi Intl. Cricket Stadium,7,Krunal Pandya,Sunrisers Hyderabad,2,10,15,,0,150.00,,Mumbai Indians,catch,0
28,Mayank Markande,Jasprit Bumrah,,,8,Hyderabad,Rajiv Gandhi Intl. Cricket Stadium,7,Shikhar Dhawan,Mumbai Indians,,,45,,0,160.71,,Sunrisers Hyderabad,catch,
5,,,6,8.00,0,Hyderabad,Rajiv Gandhi Intl. Cricket Stadium,7,Jasprit Bumrah,Sunrisers Hyderabad,4,32,4,,0,80.00,,Mumbai Indians,,2
31,Sandeep Sharma,Deepak Hooda,,,2,Hyderabad,Rajiv Gandhi Intl. Cricket Stadium,7,Suryakumar Yadav,Sunrisers Hyderabad,,,28,,1,90.32,,Mumbai Indians,catch,
4,Sandeep Sharma,,5,9.50,0,Hyderabad,Rajiv Gandhi Intl. Cricket Stadium,7,Pradeep Sangwan,Sunrisers Hyderabad,2,19,0,,0,0.00,,Mumbai Indians,lbw,0
14,Jasprit Bumrah,Kieron Pollard,,,2,Hyderabad,Rajiv Gandhi Intl. Cricket Stadium,7,Yusuf Pathan,Mumbai Indians,,,14,,0,100.00,,Sunrisers Hyderabad,catch,
25,,,,,1,Hyderabad,Rajiv Gandhi Intl. Cricket Stadium,7,Deepak Hooda,Mumbai Indians,,,32,,1,128.00,,Sunrisers Hyderabad,,
10,Billy Stanlake,Shakib Al Hasan,,,1,Hyderabad,Rajiv Gandhi Intl. Cricket Stadium,7,Rohit Sharma,Sunrisers Hyderabad,,,11,,1,110.00,,Mumbai Indians,catch,
2,,,13,10.50,1,Hyderabad,Rajiv Gandhi Intl. Cricket Stadium,7,Billy Stanlake,Mumbai Indians,4,42,5,,0,250.00,,Sunrisers Hyderabad,,2
3,,,,,1,Jaipur,Sawai Mansingh Stadium,6,D'Arcy Short,Delhi Daredevils,,,6,Vijay Shankar,0,200.00,,Rajasthan Royals,runout,
,,,6,7.25,,Jaipur,Sawai Mansingh Stadium,6,Rahul Tewatia,Rajasthan Royals,4,29,,,,,,Delhi Daredevils,,0
22,Shahbaz Nadeem,,,,2,Jaipur,Sawai Mansingh Stadium,6,Sanju Samson,Delhi Daredevils,,,37,,2,168.18,,Rajasthan Royals,bold,
0,,,,,0,Jaipur,Sawai Mansingh Stadium,6,Colin Munro,Rajasthan Royals,,,0,Krishnappa Gowtham,0,0.00,,Delhi Daredevils,runout,
,,,4,10.00,,Jaipur,Sawai Mansingh Stadium,6,Ben Laughlin,Delhi Daredevils,2,20,,,,,,Rajasthan Royals,,2
14,Jaydev Unadkat,Krishnappa Gowtham,,,3,Jaipur,Sawai Mansingh Stadium,6,Rishabh Pant,Rajasthan Royals,,,20,,0,142.85,,Delhi Daredevils,catch,
,,,5,12.00,,Jaipur,Sawai Mansingh Stadium,6,Jaydev Unadkat,Delhi Daredevils,2,24,,,,,,Rajasthan Royals,,1
,,,9,8.66,,Jaipur,Sawai Mansingh Stadium,6,Trent Boult,Rajasthan Royals,3,26,,,,,,Delhi Daredevils,,1
40,Shahbaz Nadeem,Chris Morris,,,5,Jaipur,Sawai Mansingh Stadium,6,Ajinkya Rahane,Delhi Daredevils,,,45,,0,112.50,,Rajasthan Royals,catch,
,,,10,7.56,,Jaipur,Sawai Mansingh Stadium,6,Mohammed Shami,Rajasthan Royals,3.5,29,,,,,,Delhi Daredevils,,1
7,,,5,11.33,2,Jaipur,Sawai Mansingh Stadium,6,Chris Morris,Rajasthan Royals,3,34,17,,1,242.85,,Delhi Daredevils,,0
,,,3,4.00,,Jaipur,Sawai Mansingh Stadium,6,Dhawal Kulkarni,Delhi Daredevils,1,4,,,,,,Rajasthan Royals,,0
0,,,,,0,Jaipur,Sawai Mansingh Stadium,6,Shreyas Iyer,Rajasthan Royals,,,0,,0,0.00,,Delhi Daredevils,,
18,Mohammed Shami,,,,2,Jaipur,Sawai Mansingh Stadium,6,Jos Buttler,Delhi Daredevils,,,29,,2,161.11,,Rajasthan Royals,bold,
12,Trent Boult,Rishabh Pant,,,1,Jaipur,Sawai Mansingh Stadium,6,Ben Stokes,Delhi Daredevils,,,16,,1,133.33,,Rajasthan Royals,catch,
1,,,2,10.00,0,Jaipur,Sawai Mansingh Stadium,6,Krishnappa Gowtham,Delhi Daredevils,1,10,2,,0,200.00,,Rajasthan Royals,,0
12,Ben Laughlin,Jos Buttler,,,2,Jaipur,Sawai Mansingh Stadium,6,Glenn Maxwell,Rajasthan Royals,,,17,,1,141.66,,Delhi Daredevils,catch,
,,,4,8.50,,Jaipur,Sawai Mansingh Stadium,6,Shahbaz Nadeem,Rajasthan Royals,4,34,,,,,,Delhi Daredevils,,2
3,Ben Laughlin,Ben Stokes,,,0,Jaipur,Sawai Mansingh Stadium,6,Vijay Shankar,Rajasthan Royals,,,3,,0,100.00,,Delhi Daredevils,catch,
11,,,,,0,Jaipur,Sawai Mansingh Stadium,6,Rahul Tripathi,Delhi Daredevils,,,15,,1,136.36,,Rajasthan Royals,,
12,Sunil Narine,Vinay Kumar,,,0,Chennai,M. A. Chidambaram Stadium,5,Suresh Raina,Kolkata Knight Riders,,,14,,1,116.66,,Chennai Super Kings,catch,
36,,,7,8.75,1,Chennai,M. A. Chidambaram Stadium,5,Andre Russell,Chennai Super Kings,4,35,88,,11,244.44,,Kolkata Knight Riders,,0
4,Shardul Thakur,Dwayne Bravo,,,0,Chennai,M. A. Chidambaram Stadium,5,Rinku Singh,Chennai Super Kings,,,2,,0,50.00,,Kolkata Knight Riders,catch,
5,,,3,16.66,0,Chennai,M. A. Chidambaram Stadium,5,Dwayne Bravo,Kolkata Knight Riders,3,50,11,,1,220.00,,Chennai Super Kings,,0
,,,11,6.50,,Chennai,M. A. Chidambaram Stadium,5,Imran Tahir,Kolkata Knight Riders,4,26,,,,,,Chennai Super Kings,,0
16,,,,,2,Chennai,M. A. Chidambaram Stadium,5,Robin Uthappa,Chennai Super Kings,,,29,Suresh Raina,3,181.25,,Kolkata Knight Riders,runout,
,,,5,5.50,,Chennai,M. A. Chidambaram Stadium,5,Harbhajan Singh,Kolkata Knight Riders,2,11,,,,,,Chennai Super Kings,,1
,,,5,9.00,,Chennai,M. A. Chidambaram Stadium,5,Kuldeep Yadav,Chennai Super Kings,3,27,,,,,,Kolkata Knight Riders,,1
14,Shane Watson,MS Dhoni,,,2,Chennai,M. A. Chidambaram Stadium,5,Nitish Rana,Chennai Super Kings,,,16,,0,114.28,,Kolkata Knight Riders,catch,
7,,,6,9.50,0,Chennai,M. A. Chidambaram Stadium,5,Ravindra Jadeja,Kolkata Knight Riders,2,19,11,,1,157.14,,Chennai Super Kings,,1
28,Piyush Chawla,Dinesh Karthik,,,1,Chennai,M. A. Chidambaram Stadium,5,MS Dhoni,Kolkata Knight Riders,,,25,,1,89.28,,Chennai Super Kings,catch,
25,Shane Watson,,,,2,Chennai,M. A. Chidambaram Stadium,5,Dinesh Karthik,Chennai Super Kings,,,26,,1,104.00,,Kolkata Knight Riders,lbw,
,,,11,9.25,,Chennai,M. A. Chidambaram Stadium,5,Shardul Thakur,Kolkata Knight Riders,4,37,,,,,,Chennai Super Kings,,1
23,Tom Curran,Robin Uthappa,,,2,Chennai,M. A. Chidambaram Stadium,5,Sam Billings,Kolkata Knight Riders,,,56,,5,243.47,,Chennai Super Kings,catch,
5,,,3,13.00,0,Chennai,M. A. Chidambaram Stadium,5,Tom Curran,Chennai Super Kings,3,39,2,,0,40.00,,Kolkata Knight Riders,,2
19,Tom Curran,Rinku Singh,7,9.75,3,Chennai,M. A. Chidambaram Stadium,5,Shane Watson,Kolkata Knight Riders,4,39,42,,3,221.05,,Chennai Super Kings,catch,2
,,,5,12.25,,Chennai,M. A. Chidambaram Stadium,5,Piyush Chawla,Chennai Super Kings,4,49,,,,,,Kolkata Knight Riders,,1
,,,2,19.09,,Chennai,M. A. Chidambaram Stadium,5,Vinay Kumar,Chennai Super Kings,1.5,35,,,,,,Kolkata Knight Riders,,0
16,Ravindra Jadeja,,,,4,Chennai,M. A. Chidambaram Stadium,5,Chris Lynn,Chennai Super Kings,,,22,,0,137.50,,Kolkata Knight Riders,bold,
26,Kuldeep Yadav,sub (Shivam Mavi),,,3,Chennai,M. A. Chidambaram Stadium,5,Ambati Rayudu,Kolkata Knight Riders,,,39,,2,150.00,,Chennai Super Kings,catch,
,,,2,18.00,,Chennai,M. A. Chidambaram Stadium,5,Deepak Chahar,Kolkata Knight Riders,1,18,,,,,,Chennai Super Kings,,0
4,Harbhajan Singh,Suresh Raina,9,4.25,0,Chennai,M. A. Chidambaram Stadium,5,Sunil Narine,Chennai Super Kings,4,17,12,,2,300.00,,Kolkata Knight Riders,catch,1
4,,,7,4.50,1,Hyderabad,Rajiv Gandhi Intl. Cricket Stadium,4,D'Arcy Short,Sunrisers Hyderabad,2,9,4,Kane Williamson,0,100.00,,Rajasthan Royals,runout,0
,,,11,4.25,,Hyderabad,Rajiv Gandhi Intl. Cricket Stadium,4,Siddarth Kaul,Rajasthan Royals,4,17,,,,,,Sunrisers Hyderabad,,2
42,Shakib Al Hasan,Rashid Khan,,,5,Hyderabad,Rajiv Gandhi Intl. Cricket Stadium,4,Sanju Samson,Sunrisers Hyderabad,,,49,,0,116.66,,Rajasthan Royals,catch,
35,,,,,3,Hyderabad,Rajiv Gandhi Intl. Cricket Stadium,4,Kane Williamson,Rajasthan Royals,,,36,,1,102.85,,Sunrisers Hyderabad,,
3,,,4,10.00,0,Hyderabad,Rajiv Gandhi Intl. Cricket Stadium,4,Ben Laughlin,Sunrisers Hyderabad,2,20,1,,0,33.33,,Rajasthan Royals,,0
,,,11,5.75,,Hyderabad,Rajiv Gandhi Intl. Cricket Stadium,4,Rashid Khan,Rajasthan Royals,4,23,,,,,,Sunrisers Hyderabad,,1
,,,7,7.25,,Hyderabad,Rajiv Gandhi Intl. Cricket Stadium,4,Billy Stanlake,Rajasthan Royals,4,29,,,,,,Sunrisers Hyderabad,,1
2,,,8,9.33,0,Hyderabad,Rajiv Gandhi Intl. Cricket Stadium,4,Jaydev Unadkat,Sunrisers Hyderabad,3,28,1,Yusuf Pathan,0,50.00,,Rajasthan Royals,runout,1
18,Bhuvneshwar Kumar,Yusuf Pathan,6,6.00,2,Hyderabad,Rajiv Gandhi Intl. Cricket Stadium,4,Shreyas Gopal,Sunrisers Hyderabad,3,18,18,,0,100.00,,Rajasthan Royals,catch,0
13,Siddarth Kaul,Rashid Khan,,,2,Hyderabad,Rajiv Gandhi Intl. Cricket Stadium,4,Ajinkya Rahane,Sunrisers Hyderabad,,,13,,0,100.00,,Rajasthan Royals,catch,
,,,9,5.75,,Hyderabad,Rajiv Gandhi Intl. Cricket Stadium,4,Shakib Al Hasan,Rajasthan Royals,4,23,,,,,,Sunrisers Hyderabad,,2
4,,,12,6.35,0,Hyderabad,Rajiv Gandhi Intl. Cricket Stadium,4,Dhawal Kulkarni,Sunrisers Hyderabad,2.5,18,3,,0,75.00,,Rajasthan Royals,,0
,,,10,7.50,,Hyderabad,Rajiv Gandhi Intl. Cricket Stadium,4,Bhuvneshwar Kumar,Rajasthan Royals,4,30,,,,,,Sunrisers Hyderabad,,1
15,Shakib Al Hasan,Manish Pandey,,,2,Hyderabad,Rajiv Gandhi Intl. Cricket Stadium,4,Rahul Tripathi,Sunrisers Hyderabad,,,17,,0,113.33,,Rajasthan Royals,catch,
9,Rashid Khan,,,,0,Hyderabad,Rajiv Gandhi Intl. Cricket Stadium,4,Jos Buttler,Sunrisers Hyderabad,,,6,,0,66.66,,Rajasthan Royals,bold,
5,Jaydev Unadkat,Ben Laughlin,,,1,Hyderabad,Rajiv Gandhi Intl. Cricket Stadium,4,Wriddhiman Saha,Rajasthan Royals,,,5,,0,100.00,,Sunrisers Hyderabad,catch,
8,Billy Stanlake,Kane Williamson,4,10.50,0,Hyderabad,Rajiv Gandhi Intl. Cricket Stadium,4,Ben Stokes,Sunrisers Hyderabad,2,21,5,,0,62.50,,Rajasthan Royals,catch,0
2,Siddarth Kaul,Wriddhiman Saha,3,9.00,0,Hyderabad,Rajiv Gandhi Intl. Cricket Stadium,4,Krishnappa Gowtham,Sunrisers Hyderabad,1,9,0,,0,0.00,,Rajasthan Royals,catch,0
57,,,,,13,Hyderabad,Rajiv Gandhi Intl. Cricket Stadium,4,Shikhar Dhawan,Rajasthan Royals,,,78,,1,136.84,,Sunrisers Hyderabad,,
0,,,4,12.00,0,Kolkata,Eden Gardens,3,Washington Sundar,Kolkata Knight Riders,4,48,0,,0,0.00,,Royal Challengers Bangalore,,1
11,Chris Woakes,AB de Villiers,2,5.00,2,Kolkata,Eden Gardens,3,Andre Russell,Royal Challengers Bangalore,2,10,15,,1,136.36,,Kolkata Knight Riders,catch,0
27,Sunil Narine,,,,6,Kolkata,Eden Gardens,3,Brendon McCullum,Kolkata Knight Riders,,,43,,2,159.25,,Royal Challengers Bangalore,bold,
6,Chris Woakes,Quinton de Kock,,,1,Kolkata,Eden Gardens,3,Rinku Singh,Royal Challengers Bangalore,,,6,,0,100.00,,Kolkata Knight Riders,catch,
18,Vinay Kumar,Kuldeep Yadav,,,4,Kolkata,Eden Gardens,3,Mandeep Singh,Kolkata Knight Riders,,,37,,2,205.55,,Royal Challengers Bangalore,catch,
23,Nitish Rana,Mitchell Johnson,,,1,Kolkata,Eden Gardens,3,AB de Villiers,Kolkata Knight Riders,,,44,,5,191.30,,Royal Challengers Bangalore,catch,
,,,12,7.50,,Kolkata,Eden Gardens,3,Mitchell Johnson,Royal Challengers Bangalore,4,30,,,,,,Kolkata Knight Riders,,1
12,Umesh Yadav,Brendon McCullum,,,0,Kolkata,Eden Gardens,3,Robin Uthappa,Royal Challengers Bangalore,,,13,,1,108.33,,Kolkata Knight Riders,catch,
5,Vinay Kumar,Andre Russell,15,9.00,1,Kolkata,Eden Gardens,3,Chris Woakes,Kolkata Knight Riders,4,36,5,,0,100.00,,Royal Challengers Bangalore,catch,3
,,,4,11.00,,Kolkata,Eden Gardens,3,Kuldeep Yadav,Royal Challengers Bangalore,3,33,,,,,,Kolkata Knight Riders,,0
,,,13,6.75,,Kolkata,Eden Gardens,3,Umesh Yadav,Kolkata Knight Riders,4,27,,,,,,Royal Challengers Bangalore,,2
25,Washington Sundar,,3,11.00,2,Kolkata,Eden Gardens,3,Nitish Rana,Royal Challengers Bangalore,1,11,34,,2,136.00,,Kolkata Knight Riders,lbw,2
,,,6,9.66,,Kolkata,Eden Gardens,3,Yuzvendra Chahal,Kolkata Knight Riders,3,29,,,,,,Royal Challengers Bangalore,,0
29,,,,,4,Kolkata,Eden Gardens,3,Dinesh Karthik,Royal Challengers Bangalore,,,35,,0,120.68,,Kolkata Knight Riders,,
4,Piyush Chawla,Vinay Kumar,,,1,Kolkata,Eden Gardens,3,Quinton de Kock,Kolkata Knight Riders,,,4,,0,100.00,,Royal Challengers Bangalore,catch,
,,,6,8.86,,Kolkata,Eden Gardens,3,Kulwant Khejroliya,Kolkata Knight Riders,3.5,34,,,,,,Royal Challengers Bangalore,,0
10,Mitchell Johnson,Rinku Singh,,,0,Kolkata,Eden Gardens,3,Sarfaraz Khan,Kolkata Knight Riders,,,6,,0,60.00,,Royal Challengers Bangalore,catch,
,,,10,7.75,,Kolkata,Eden Gardens,3,Piyush Chawla,Royal Challengers Bangalore,4,31,,,,,,Kolkata Knight Riders,,1
33,Nitish Rana,,,,1,Kolkata,Eden Gardens,3,Virat Kohli,Kolkata Knight Riders,,,31,,1,93.93,,Royal Challengers Bangalore,bold,
3,,,6,15.00,1,Kolkata,Eden Gardens,3,Vinay Kumar,Royal Challengers Bangalore,2,30,6,,0,200.00,,Kolkata Knight Riders,,2
8,Chris Woakes,AB de Villiers,,,1,Kolkata,Eden Gardens,3,Chris Lynn,Royal Challengers Bangalore,,,5,,0,62.50,,Kolkata Knight Riders,catch,
19,Umesh Yadav,,9,7.50,4,Kolkata,Eden Gardens,3,Sunil Narine,Royal Challengers Bangalore,4,30,50,,5,263.15,,Kolkata Knight Riders,bold,1
23,,,,,1,Mohali,IS Bindra Stadium,2,David Miller,Delhi Daredevils,,,24,,0,104.34,,Kings XI Punjab,,
16,Trent Boult,Mohammed Shami,,,6,Mohali,IS Bindra Stadium,2,Lokesh Rahul,Delhi Daredevils,,,51,,4,318.75,,Kings XI Punjab,catch,
33,Dan Christian,Trent Boult,,,5,Mohali,IS Bindra Stadium,2,Karun Nair,Delhi Daredevils,,,50,,2,151.51,,Kings XI Punjab,catch,
13,Mujeeb Ur Rahman,Andrew Tye,,,4,Mohali,IS Bindra Stadium,2,Rishabh Pant,Kings XI Punjab,,,28,,1,215.38,,Delhi Daredevils,catch,
,,,4,5.75,,Mohali,IS Bindra Stadium,2,Ravichandran Ashwin,Delhi Daredevils,4,23,,,,,,Kings XI Punjab,,1
11,Axar Patel,Lokesh Rahul,,,0,Mohali,IS Bindra Stadium,2,Shreyas Iyer,Kings XI Punjab,,,11,,1,100.00,,Delhi Daredevils,catch,
,,,3,13.00,,Mohali,IS Bindra Stadium,2,Mohammed Shami,Kings XI Punjab,2,26,,,,,,Delhi Daredevils,,0
16,,,8,8.33,1,Mohali,IS Bindra Stadium,2,Chris Morris,Kings XI Punjab,3,25,27,,1,168.75,,Delhi Daredevils,,1
15,,,0,7.00,2,Mohali,IS Bindra Stadium,2,Marcus Stoinis,Delhi Daredevils,1,7,22,,0,146.66,,Kings XI Punjab,,0
,,,7,9.50,,Mohali,IS Bindra Stadium,2,Andrew Tye,Delhi Daredevils,4,38,,,,,,Kings XI Punjab,,0
,,,4,11.50,,Mohali,IS Bindra Stadium,2,Amit Mishra,Kings XI Punjab,4,46,,,,,,Delhi Daredevils,,0
,,,11,8.86,,Mohali,IS Bindra Stadium,2,Trent Boult,Kings XI Punjab,3.5,34,,,,,,Delhi Daredevils,,1
,,,3,11.66,,Mohali,IS Bindra Stadium,2,Axar Patel,Delhi Daredevils,3,35,,,,,,Kings XI Punjab,,1
13,Mohit Sharma,,6,6.00,0,Mohali,IS Bindra Stadium,2,Dan Christian,Kings XI Punjab,2,12,13,,1,100.00,,Delhi Daredevils,bold,1
6,Mujeeb Ur Rahman,,,,0,Mohali,IS Bindra Stadium,2,Colin Munro,Kings XI Punjab,,,4,,0,66.66,,Delhi Daredevils,lbw,
42,,,,,5,Mohali,IS Bindra Stadium,2,Gautam Gambhir,Kings XI Punjab,,,55,Mujeeb Ur Rahman,1,130.95,,Delhi Daredevils,runout,
22,Rahul Tewatia,Vijay Shankar,,,2,Mohali,IS Bindra Stadium,2,Yuvraj Singh,Delhi Daredevils,,,12,,0,54.54,,Kings XI Punjab,catch,
7,Ravichandran Ashwin,,9,6.00,1,Mohali,IS Bindra Stadium,2,Rahul Tewatia,Kings XI Punjab,4,24,9,,0,128.57,,Delhi Daredevils,lbw,1
,,,5,8.25,,Mohali,IS Bindra Stadium,2,Mohit Sharma,Delhi Daredevils,4,33,,,,,,Kings XI Punjab,,2
,,,9,7.00,,Mohali,IS Bindra Stadium,2,Mujeeb Ur Rahman,Delhi Daredevils,4,28,,,,,,Kings XI Punjab,,2
5,Chris Morris,Mohammed Shami,,,0,Mohali,IS Bindra Stadium,2,Mayank Agarwal,Delhi Daredevils,,,7,,1,140.00,,Kings XI Punjab,catch,
13,Mohit Sharma,Axar Patel,,,0,Mohali,IS Bindra Stadium,2,Vijay Shankar,Kings XI Punjab,,,13,,0,100.00,,Delhi Daredevils,catch,
2,,,4,11.50,0,Mumbai,Wankhede Stadium,1,Imran Tahir,Mumbai Indians,2,23,2,,0,100.00,,Chennai Super Kings,,1
22,,,,,5,Mumbai,Wankhede Stadium,1,Krunal Pandya,Chennai Super Kings,,,41,,2,186.36,,Mumbai Indians,,
20,,,12,6.00,2,Mumbai,Wankhede Stadium,1,Hardik Pandya,Chennai Super Kings,4,24,22,,0,110.00,,Mumbai Indians,,3
30,Jasprit Bumrah,Rohit Sharma,9,6.25,3,Mumbai,Wankhede Stadium,1,Dwayne Bravo,Mumbai Indians,4,25,68,,7,226.66,,Chennai Super Kings,catch,0
29,Imran Tahir,Mark Wood,,,4,Mumbai,Wankhede Stadium,1,Ishan Kishan,Chennai Super Kings,,,40,,1,137.93,,Mumbai Indians,catch,
,,,11,5.75,,Mumbai,Wankhede Stadium,1,Mayank Markande,Chennai Super Kings,4,23,,,,,,Mumbai Indians,,3
29,Shane Watson,Harbhajan Singh,,,6,Mumbai,Wankhede Stadium,1,Suryakumar Yadav,Chennai Super Kings,,,43,,1,148.27,,Mumbai Indians,catch,
18,Shane Watson,Ambati Rayudu,,,1,Mumbai,Wankhede Stadium,1,Rohit Sharma,Chennai Super Kings,,,15,,1,83.33,,Mumbai Indians,catch,
,,,8,10.17,,Mumbai,Wankhede Stadium,1,Mustafizur Rahman,Chennai Super Kings,3.5,39,,,,,,Mumbai Indians,,1
22,,,,,1,Mumbai,Wankhede Stadium,1,Kedar Jadhav,Mumbai Indians,,,24,,2,109.09,,Chennai Super Kings,,
2,Deepak Chahar,,,,0,Mumbai,Wankhede Stadium,1,Evin Lewis,Chennai Super Kings,,,0,,0,0.00,,Mumbai Indians,lbw,
1,Mayank Markande,,12,4.66,0,Mumbai,Wankhede Stadium,1,Deepak Chahar,Mumbai Indians,3,14,0,,0,0.00,Ishan Kishan,Chennai Super Kings,stemping,1
5,Mayank Markande,,,,0,Mumbai,Wankhede Stadium,1,MS Dhoni,Mumbai Indians,,,5,,0,100.00,,Chennai Super Kings,lbw,
14,Hardik Pandya,Evin Lewis,12,7.25,1,Mumbai,Wankhede Stadium,1,Shane Watson,Mumbai Indians,4,29,16,,1,114.28,,Chennai Super Kings,catch,2
,,,5,11.00,,Mumbai,Wankhede Stadium,1,Mitchell McClenaghan,Chennai Super Kings,4,44,,,,,,Mumbai Indians,,1
5,Mitchell McClenaghan,Jasprit Bumrah,3,7.00,1,Mumbai,Wankhede Stadium,1,Harbhajan Singh,Mumbai Indians,2,14,8,,0,160.00,,Chennai Super Kings,catch,0
3,Hardik Pandya,Mustafizur Rahman,6,12.25,0,Mumbai,Wankhede Stadium,1,Mark Wood,Mumbai Indians,4,49,1,,0,33.33,,Chennai Super Kings,catch,0
19,Mayank Markande,,,,4,Mumbai,Wankhede Stadium,1,Ambati Rayudu,Mumbai Indians,,,22,,0,115.78,,Chennai Super Kings,lbw,
13,Mustafizur Rahman,Suryakumar Yadav,3,9.00,1,Mumbai,Wankhede Stadium,1,Ravindra Jadeja,Mumbai Indians,1,9,12,,0,92.30,,Chennai Super Kings,catch,0
,,,10,9.25,,Mumbai,Wankhede Stadium,1,Jasprit Bumrah,Chennai Super Kings,4,37,,,,,,Mumbai Indians,,1
6,Hardik Pandya,Krunal Pandya,,,0,Mumbai,Wankhede Stadium,1,Suresh Raina,Mumbai Indians,,,4,,0,66.66,,Chennai Super Kings,catch,
